{
  "model": "deepseek-ai/DeepSeek-V3.1",
  "slug": "deepseek_v3_1",
  "seed": 47,
  "elapsed_seconds": 141.9,
  "training": {
    "initial_raw_cal": 0.8051633333333333,
    "final_raw_cal": 0.8985920000000001,
    "initial_evolved_cal": 0.8069893333333333,
    "final_evolved_cal": 0.8882893333333334,
    "gap": -0.010302666666666682,
    "initial_task_acc": 0.6933333333333334,
    "final_task_acc": 0.8666666666666667,
    "initial_fitness": 0.7111269333333333,
    "final_fitness": 0.8167069333333334
  },
  "test": {
    "raw_cal": 0.9342411111111111,
    "evolved_cal": 0.9285666666666667,
    "gap": -0.005674444444444426,
    "task_acc": 0.8888888888888888,
    "best_fitness": 0.8886711111111112
  },
  "dominant_strategy": "elimination"
}