{
  "model": "meta-llama/Llama-3.3-70B-Instruct",
  "slug": "llama33_70b",
  "seed": 48,
  "elapsed_seconds": 87.7,
  "training": {
    "initial_raw_cal": 0.837548,
    "final_raw_cal": 0.8677333333333334,
    "initial_evolved_cal": 0.8341606666666667,
    "final_evolved_cal": 0.8683206666666666,
    "gap": 0.0005873333333332731,
    "initial_task_acc": 0.68,
    "final_task_acc": 0.76,
    "initial_fitness": 0.7039630666666666,
    "final_fitness": 0.7639257333333334
  },
  "test": {
    "raw_cal": 0.6865555555555556,
    "evolved_cal": 0.6901566666666666,
    "gap": 0.003601111111111055,
    "task_acc": 0.5555555555555556,
    "best_fitness": 0.6002399999999999
  },
  "dominant_strategy": "first-principles"
}