{
  "model": "openai/gpt-oss-20b",
  "slug": "gpt_oss_20b",
  "seed": 45,
  "elapsed_seconds": 357.4,
  "training": {
    "initial_raw_cal": 0.7970106666666666,
    "final_raw_cal": 0.8927953333333333,
    "initial_evolved_cal": 0.7954260000000001,
    "final_evolved_cal": 0.8952939999999999,
    "gap": 0.002498666666666649,
    "initial_task_acc": 0.62,
    "final_task_acc": 0.7133333333333334,
    "initial_fitness": 0.6940556,
    "final_fitness": 0.7853097333333333
  },
  "test": {
    "raw_cal": 0.9338144444444445,
    "evolved_cal": 0.9341522222222223,
    "gap": 0.0003377777777777702,
    "task_acc": 0.8333333333333334,
    "best_fitness": 0.8661533333333333
  },
  "dominant_strategy": "first-principles"
}