{
  "GPT-5.2": {
    "model": "gpt_5_2",
    "n_runs": 3,
    "raw_calibration": {
      "mean": 0.814,
      "std": 0.10343937211576505
    },
    "evolved_calibration": {
      "mean": 0.8091851851851852,
      "std": 0.09942528265625258
    },
    "accuracy": {
      "mean": 0.8091851851851852,
      "std": 0.09942528265625258
    },
    "fitness": {
      "mean": 0.7580740740740741,
      "std": 0.04769260280315929
    },
    "calibration_gap": -0.004814814814814716,
    "cv_percent": 12.287086377328906
  },
  "Claude Opus 4.5": {
    "model": "claude_opus_4_5",
    "n_runs": 3,
    "raw_calibration": {
      "mean": 0.8264259259259259,
      "std": 0.08735114911109534
    },
    "evolved_calibration": {
      "mean": 0.8270555555555555,
      "std": 0.12460702425556583
    },
    "accuracy": {
      "mean": 0.8270555555555555,
      "std": 0.12460702425556583
    },
    "fitness": {
      "mean": 0.7958518518518518,
      "std": 0.10890370269603027
    },
    "calibration_gap": 0.0006296296296296466,
    "cv_percent": 15.066342692283099
  },
  "DeepSeek V3": {
    "model": "deepseek_v3",
    "n_runs": 3,
    "raw_calibration": {
      "mean": 0.7347407407407408,
      "std": 0.08645203717964253
    },
    "evolved_calibration": {
      "mean": 0.6671851851851852,
      "std": 0.10949075914180416
    },
    "accuracy": {
      "mean": 0.6671851851851852,
      "std": 0.10949075914180416
    },
    "fitness": {
      "mean": 0.7185185185185184,
      "std": 0.09357042197357432
    },
    "calibration_gap": -0.06755555555555559,
    "cv_percent": 16.410849876921908
  }
}