{
  "model": "openai/gpt-oss-20b",
  "slug": "gpt_oss_20b",
  "seed": 46,
  "elapsed_seconds": 359.0,
  "training": {
    "initial_raw_cal": 0.7993426666666666,
    "final_raw_cal": 0.7933833333333333,
    "initial_evolved_cal": 0.7894926666666667,
    "final_evolved_cal": 0.828238,
    "gap": 0.0348546666666667,
    "initial_task_acc": 0.68,
    "final_task_acc": 0.6533333333333333,
    "initial_fitness": 0.6926289333333333,
    "final_fitness": 0.7058761333333333
  },
  "test": {
    "raw_cal": 0.8501433333333334,
    "evolved_cal": 0.8741344444444444,
    "gap": 0.023991111111111074,
    "task_acc": 0.7222222222222222,
    "best_fitness": 0.8467711111111111
  },
  "dominant_strategy": "analogical"
}